Customer_ID,Customer_Name,Company_Name,City,State,Country,Industry,Customer_Segment,Join_Date,Customer_Status
CUST0001,Aneja Food Products,Aneja Food Products,Ludhiana,Jammu and Kashmir,India,Food Industry,SME,11-05-2023,Active
CUST0002,Forza Medi India Pvt. Ltd.,Forza Medi India Pvt. Ltd.,Jaipur,Haryana,India,Automobile Industry,Corporate,14-08-2025,Active
CUST0003,Ganapathi Industrial Engineering Enterprises,Ganapathi Industrial Engineering Enterprises,Gurugram,Hyderabad,India,,Corporate,24-09-2024,Active
CUST0004,GPS Renewable Energy,GPS Renewable Energy,Ahmedabad,Karnataka,India,Biogas Industry,Enterprise,06-05-2023,Active
CUST0005,Ambuja Shipping Service Limited,Ambuja Shipping Service Limited,Surat,Maharashtra,India,Marine Industry,SME,22-10-2023,Active
CUST0006,TransIndia Nonwovens Pvt. Ltd.,TransIndia Nonwovens Pvt. Ltd.,Hyderabad,Rajasthan,India,Automobile Industry,Corporate,08-02-2025,Active
CUST0007,Pladis Biscuit Pvt. Ltd.,Pladis Biscuit Pvt. Ltd.,Gurugram,Punjab,India,Food Industry,Enterprise,10-12-2025,Active
CUST0008,Instant Procurement Services,Instant Procurement Services,Noida,Maharashtra,India,,SME,14-11-2025,Active
CUST0009,Cemindia Projects Limited,Cemindia Projects Limited,Surat,Tamil Nadu,India,EPEC Industry,Corporate,19-01-2025,Active
CUST0010,Next Foods Pvt. Ltd.,Next Foods Pvt. Ltd.,Ahmedabad,Punjab,India,Food Industry,Corporate,11-05-2026,Active
CUST0011,RB Exports,RB Exports,Kolkata,Karnataka,India,,Enterprise,01-01-2025,Active
CUST0012,Singareni Collieries Company Ltd.,Singareni Collieries Company Ltd.,Gurugram,Hyderabad,India,Coal Industry,SME,24-09-2023,Active
CUST0013,VRS Foods Limited,VRS Foods Limited,Mumbai,Uttar Pradesh,India,Food Industry,Corporate,15-02-2026,Active
CUST0014,C.P. Engineering,C.P. Engineering,Jaipur,Delhi,India,,Enterprise,10-08-2024,Active
CUST0015,Ion Exchange (India) Ltd,Ion Exchange (India) Ltd,Hyderabad,Maharashtra,India,EPEC Industry,Corporate,07-03-2025,Active
CUST0016,Megha Engineering & Infrastructures,Megha Engineering & Infrastructures,Faridabad,Uttar Pradesh,India,EPEC Industry,Distributor,20-10-2024,Active
CUST0017,Spannkraft Hydrosystems Pvt. Ltd.,Spannkraft Hydrosystems Pvt. Ltd.,Pune,Maharashtra,India,EPEC Industry,Corporate,15-05-2023,Active
CUST0018,Vinayak Enterprises,Vinayak Enterprises,Chennai,Gujarat,India,Renewable Industry,Enterprise,21-07-2026,Active
CUST0019,Indian Oil Corporation Limited,Indian Oil Corporation Limited,Vadodara,Haryana,India,Oil Industry,SME,07-06-2026,Active
CUST0020,Adie Broswon Breweries,Adie Broswon Breweries,Jaipur,Punjab,India,Food Industry,SME,09-02-2024,Active
CUST0021,Shubham Flexible Packaging,Shubham Flexible Packaging,Ahmedabad,Haryana,India,Packaging Industry,Corporate,30-08-2023,Active
CUST0022,Food and Biotech Engineers,Food and Biotech Engineers,Ludhiana,Haryana,India,Food Industry,Enterprise,20-10-2025,Active
CUST0023,Reliance New Solar Energy Limited,Reliance New Solar Energy Limited,Ludhiana,Gujarat,India,Oil Industry,SME,10-04-2023,Active
CUST0024,Industrial Metal Powders,Industrial Metal Powders,Chennai,Maharashtra,India,Automobile Industry,Distributor,13-10-2024,Active
CUST0025,Century Paper Mill,Century Paper Mill,Kolkata,Uttarakhand,India,Paper Industry,Distributor,17-09-2025,Active
CUST0026,Sahota Paper Mill,Sahota Paper Mill,Ludhiana,Uttarakhand,India,Paper Industry,SME,15-01-2026,Active
CUST0027,Gulshan Polyols Ltd.,Gulshan Polyols Ltd.,Bengaluru,Maharashtra,India,Chemical Industry,Enterprise,15-06-2024,Active
CUST0028,LBTEX Private Ltd.,LBTEX Private Ltd.,Gurugram,Gujarat,India,Textile Industry,SME,28-12-2024,Active
CUST0029,Prataap Snacks,Prataap Snacks,Surat,Madhya Pradesh,India,Food Industry,SME,09-03-2025,Active
CUST0030,Reliable Engineer Solution,Reliable Engineer Solution,Mumbai,Kolkata,India,,Distributor,22-12-2025,Active
CUST0031,MaaSheetla Ventures Limited,MaaSheetla Ventures Limited,Delhi,Uttarakhand,India,Sugar Industry,SME,09-09-2026,Active
CUST0032,Aditya Techzone,Aditya Techzone,Jaipur,Haryana,India,,Enterprise,19-06-2024,Active
CUST0033,Dolce Engineering,Dolce Engineering,Delhi,Hyderabad,India,,Enterprise,23-08-2024,Active
CUST0034,Vita Milk,Vita Milk,Noida,Haryana,India,Dairy Industry,Corporate,15-08-2026,Active
CUST0035,Ganga Pulp and Papers,Ganga Pulp and Papers,Ahmedabad,Uttar Pradesh,India,Paper Industry,Distributor,22-04-2023,Active
CUST0036,Arsh Enterprises,Arsh Enterprises,Delhi,Kolkata,India,,Corporate,08-03-2026,Active
CUST0037,Garg Paper Mill,Garg Paper Mill,Hyderabad,Uttar Pradesh,India,,Enterprise,07-11-2024,Active
CUST0038,CeraCin,CeraCin,Ludhiana,Gujarat,India,,Corporate,29-09-2025,Active
CUST0039,SLR Metalics,SLR Metalics,Gurugram,Karnataka,India,Chemical Industry,Corporate,27-04-2024,Active
CUST0040,Onyx,Onyx,Jaipur,Haryana,India,,Distributor,04-04-2025,Active
CUST0041,Silvertoan Paper Mills,Silvertoan Paper Mills,Mumbai,Uttar Pradesh,India,Paper Industry,SME,05-10-2026,Active
CUST0042,Techavinya Techno Solution,Techavinya Techno Solution,Faridabad,Gujarat,India,Chemical Industry,Corporate,23-08-2023,Active
CUST0043,VRU Techno Private Limited,VRU Techno Private Limited,Ludhiana,Hyderabad,India,Food Industry,Enterprise,09-07-2025,Active
CUST0044,Fluid Air Solution,Fluid Air Solution,Mumbai,Punjab,India,,SME,23-05-2023,Active
CUST0045,Banshi Medicare,Banshi Medicare,Bengaluru,Bihar,India,Automobile Industry,Corporate,26-01-2026,Active
CUST0046,United Engineering Service,United Engineering Service,Mumbai,Hyderabad,India,,Distributor,27-09-2024,Active
CUST0047,Good Luck Defense and Aerospace Limited,Good Luck Defense and Aerospace Limited,Ahmedabad,Uttar Pradesh,India,Defense Industry,SME,14-05-2026,Active
CUST0048,Kirpa Ram Dairy,Kirpa Ram Dairy,Ahmedabad,Uttar Pradesh,India,Dairy Industry,Corporate,05-08-2026,Active
CUST0049,Bharati Solution,Bharati Solution,Noida,Delhi,India,,Enterprise,16-12-2023,Active
CUST0050,Kia Inox Industries,Kia Inox Industries,Vadodara,Rajasthan,India,Automobile Industry,Corporate,19-07-2025,Active
CUST0051,Bhavya Global Corporation,Bhavya Global Corporation,Delhi,Gujarat,India,Automobile Industry,SME,01-05-2026,Active
CUST0052,Flexo Pack Machines Pvt Ltd,Flexo Pack Machines Pvt Ltd,Gurugram,Haryana,India,Packaging Industry,Corporate,21-03-2026,Active
CUST0053,Kota Dairy,Kota Dairy,Kolkata,Rajasthan,India,Dairy Industry,Corporate,10-03-2026,Active
CUST0054,Veena Engineering & Construction,Veena Engineering & Construction,Chennai,Uttar Pradesh,India,,Distributor,14-02-2026,Active
CUST0055,Mohta Bright Steels Pvt Ltd,Mohta Bright Steels Pvt Ltd,Gurugram,Haryana,India,Steel Industry,Distributor,19-11-2024,Active
CUST0056,Loopworm Private Limited,Loopworm Private Limited,Gurugram,Karnataka,India,Automobile Industry,SME,09-02-2024,Active
CUST0057,Apex Engineering Systems Pvt. Ltd.,Apex Engineering Systems Pvt. Ltd.,Ludhiana,,India,,Corporate,22-03-2025,Active
CUST0058,Vertex Engineering Systems Pvt. Ltd.,Vertex Engineering Systems Pvt. Ltd.,Vadodara,West Bengal,India,Ceramics,Distributor,08-01-2025,Active
CUST0059,Prime Engineering Systems Pvt. Ltd.,Prime Engineering Systems Pvt. Ltd.,Gurugram,Maharashtra,India,Pharmaceutical,SME,24-02-2023,Active
CUST0060,Metro Engineering Systems Pvt. Ltd.,Metro Engineering Systems Pvt. Ltd.,Vadodara,Rajasthan,India,Pharmaceutical,Enterprise,25-12-2023,Active
CUST0061,Nova Engineering Systems Pvt. Ltd.,Nova Engineering Systems Pvt. Ltd.,Mumbai,Tamil Nadu,India,Textile,SME,04-10-2024,Active
CUST0062,BlueStar Engineering Systems Pvt. Ltd.,BlueStar Engineering Systems Pvt. Ltd.,Ludhiana,Telangana,India,Water Treatment,Corporate,14-08-2025,Active
CUST0063,Sunrise Engineering Systems Pvt. Ltd.,Sunrise Engineering Systems Pvt. Ltd.,Faridabad,West Bengal,India,Paper,SME,03-06-2026,Active
CUST0064,Evergreen Engineering Systems Pvt. Ltd.,Evergreen Engineering Systems Pvt. Ltd.,Hyderabad,Uttar Pradesh,India,Pharmaceutical,SME,26-04-2023,Active
CUST0065,NorthStar Engineering Systems Pvt. Ltd.,NorthStar Engineering Systems Pvt. Ltd.,Bengaluru,Delhi,India,Mining,SME,19-04-2025,Active
CUST0066,Pioneer Engineering Systems Pvt. Ltd.,Pioneer Engineering Systems Pvt. Ltd.,Gurugram,Punjab,India,Dairy,SME,06-04-2025,Active
CUST0067,Summit Engineering Systems Pvt. Ltd.,Summit Engineering Systems Pvt. Ltd.,Pune,Delhi,India,Food Processing,SME,13-05-2023,Active
CUST0068,Trinity Engineering Systems Pvt. Ltd.,Trinity Engineering Systems Pvt. Ltd.,Hyderabad,Telangana,India,Mining,Corporate,07-03-2026,Active
CUST0069,Orbit Engineering Systems Pvt. Ltd.,Orbit Engineering Systems Pvt. Ltd.,Faridabad,Haryana,India,Pharmaceutical,Enterprise,30-05-2025,Active
CUST0070,Crystal Engineering Systems Pvt. Ltd.,Crystal Engineering Systems Pvt. Ltd.,Bengaluru,Telangana,India,Dairy,Corporate,22-05-2024,Active
CUST0071,Eastern Engineering Systems Pvt. Ltd.,Eastern Engineering Systems Pvt. Ltd.,Surat,Delhi,India,Water Treatment,Distributor,06-12-2026,Active
CUST0072,Western Engineering Systems Pvt. Ltd.,Western Engineering Systems Pvt. Ltd.,Kolkata,West Bengal,India,Water Treatment,Corporate,09-02-2024,Active
CUST0073,National Engineering Systems Pvt. Ltd.,National Engineering Systems Pvt. Ltd.,Noida,Gujarat,India,Textile,SME,21-12-2026,Active
CUST0074,Universal Engineering Systems Pvt. Ltd.,Universal Engineering Systems Pvt. Ltd.,Jaipur,Telangana,India,Manufacturing,Corporate,20-02-2023,Active
CUST0075,Dynamic Engineering Systems Pvt. Ltd.,Dynamic Engineering Systems Pvt. Ltd.,Delhi,Punjab,India,Pharmaceutical,Corporate,15-04-2026,Active
CUST0076,Precision Engineering Systems Pvt. Ltd.,Precision Engineering Systems Pvt. Ltd.,Pune,Delhi,India,Manufacturing,Corporate,04-06-2026,Active
CUST0077,Sterling Engineering Systems Pvt. Ltd.,Sterling Engineering Systems Pvt. Ltd.,Kolkata,Delhi,India,Food Processing,SME,02-09-2026,Active
CUST0078,Royal Engineering Systems Pvt. Ltd.,Royal Engineering Systems Pvt. Ltd.,Noida,Haryana,India,Textile,SME,26-09-2024,Active
CUST0079,Global Engineering Systems Pvt. Ltd.,Global Engineering Systems Pvt. Ltd.,Noida,West Bengal,India,Paper,SME,04-07-2023,Active
CUST0080,GreenField Engineering Systems Pvt. Ltd.,GreenField Engineering Systems Pvt. Ltd.,Kolkata,Karnataka,India,Manufacturing,Distributor,07-01-2025,Active
CUST0081,Modern Engineering Systems Pvt. Ltd.,Modern Engineering Systems Pvt. Ltd.,Delhi,Tamil Nadu,India,Chemical,Corporate,26-12-2026,Active
CUST0082,Frontier Engineering Systems Pvt. Ltd.,Frontier Engineering Systems Pvt. Ltd.,Ahmedabad,Maharashtra,India,Water Treatment,Corporate,20-08-2024,Active
CUST0083,Shakti Engineering Systems Pvt. Ltd.,Shakti Engineering Systems Pvt. Ltd.,Kolkata,West Bengal,India,Dairy,Corporate,02-09-2024,Active
CUST0084,Sapphire Engineering Systems Pvt. Ltd.,Sapphire Engineering Systems Pvt. Ltd.,Chennai,Gujarat,India,Chemical,Distributor,14-04-2024,Active
CUST0085,Golden Engineering Systems Pvt. Ltd.,Golden Engineering Systems Pvt. Ltd.,Faridabad,Uttar Pradesh,India,Water Treatment,Corporate,03-05-2024,Active
CUST0086,Advanced Engineering Systems Pvt. Ltd.,Advanced Engineering Systems Pvt. Ltd.,Pune,West Bengal,India,Manufacturing,Enterprise,05-06-2023,Active
CUST0087,Integral Engineering Systems Pvt. Ltd.,Integral Engineering Systems Pvt. Ltd.,Kolkata,West Bengal,India,Chemical,Distributor,01-02-2026,Active
CUST0088,Progressive Engineering Systems Pvt. Ltd.,Progressive Engineering Systems Pvt. Ltd.,Jaipur,Gujarat,India,Textile,SME,14-10-2025,Active
CUST0089,Horizon Engineering Systems Pvt. Ltd.,Horizon Engineering Systems Pvt. Ltd.,Vadodara,West Bengal,India,Food Processing,Distributor,13-11-2025,Active
CUST0090,Techno Engineering Systems Pvt. Ltd.,Techno Engineering Systems Pvt. Ltd.,Bengaluru,Maharashtra,India,Water Treatment,Corporate,08-08-2026,Active
CUST0091,Omkar Engineering Systems Pvt. Ltd.,Omkar Engineering Systems Pvt. Ltd.,Jaipur,Uttar Pradesh,India,Chemical,Distributor,02-10-2026,Active
CUST0092,Arvind Engineering Systems Pvt. Ltd.,Arvind Engineering Systems Pvt. Ltd.,Bengaluru,Karnataka,India,Manufacturing,Enterprise,27-12-2024,Active
CUST0093,Shree Engineering Systems Pvt. Ltd.,Shree Engineering Systems Pvt. Ltd.,Ludhiana,Telangana,India,Water Treatment,SME,25-12-2024,Active
CUST0094,Vardhman Engineering Systems Pvt. Ltd.,Vardhman Engineering Systems Pvt. Ltd.,Kolkata,Maharashtra,India,Food Processing,Distributor,31-08-2023,Active
CUST0095,Suncore Engineering Systems Pvt. Ltd.,Suncore Engineering Systems Pvt. Ltd.,Surat,Tamil Nadu,India,Food Processing,Distributor,15-12-2023,Active
CUST0096,Innova Engineering Systems Pvt. Ltd.,Innova Engineering Systems Pvt. Ltd.,Jaipur,Punjab,India,Ceramics,Enterprise,25-09-2025,Active
CUST0097,Elite Engineering Systems Pvt. Ltd.,Elite Engineering Systems Pvt. Ltd.,Ahmedabad,Rajasthan,India,Paper,SME,06-06-2025,Active
CUST0098,Crown Engineering Systems Pvt. Ltd.,Crown Engineering Systems Pvt. Ltd.,Ludhiana,Rajasthan,India,Ceramics,SME,03-11-2026,Active
CUST0099,Galaxy Engineering Systems Pvt. Ltd.,Galaxy Engineering Systems Pvt. Ltd.,Ludhiana,Gujarat,India,Manufacturing,SME,15-05-2024,Active
CUST0100,Matrix Engineering Systems Pvt. Ltd.,Matrix Engineering Systems Pvt. Ltd.,Pune,Telangana,India,Ceramics,SME,10-05-2024,Active
CUST0101,Zenith Engineering Systems Pvt. Ltd.,Zenith Engineering Systems Pvt. Ltd.,Noida,Tamil Nadu,India,Textile,Distributor,19-06-2024,Active
CUST0102,Prism Engineering Systems Pvt. Ltd.,Prism Engineering Systems Pvt. Ltd.,Pune,Uttar Pradesh,India,Textile,Distributor,24-12-2024,Active
CUST0103,Continental Engineering Systems Pvt. Ltd.,Continental Engineering Systems Pvt. Ltd.,Surat,Delhi,India,Textile,Corporate,30-10-2024,Active
CUST0104,Apex Foods & Beverages Pvt. Ltd.,Apex Foods & Beverages Pvt. Ltd.,Vadodara,Haryana,India,Paper,Distributor,21-01-2026,Active
CUST0105,Vertex Foods & Beverages Pvt. Ltd.,Vertex Foods & Beverages Pvt. Ltd.,Ludhiana,Delhi,India,Ceramics,Distributor,21-01-2024,Active
CUST0106,Prime Foods & Beverages Pvt. Ltd.,Prime Foods & Beverages Pvt. Ltd.,Vadodara,Haryana,India,Paper,Corporate,17-01-2024,Active
CUST0107,Metro Foods & Beverages Pvt. Ltd.,Metro Foods & Beverages Pvt. Ltd.,Chennai,West Bengal,India,Textile,Corporate,26-02-2026,Active
CUST0108,Nova Foods & Beverages Pvt. Ltd.,Nova Foods & Beverages Pvt. Ltd.,Ludhiana,Tamil Nadu,India,Chemical,Distributor,12-12-2025,Active
CUST0109,BlueStar Foods & Beverages Pvt. Ltd.,BlueStar Foods & Beverages Pvt. Ltd.,Pune,Uttar Pradesh,India,Water Treatment,SME,26-04-2023,Active
CUST0110,Sunrise Foods & Beverages Pvt. Ltd.,Sunrise Foods & Beverages Pvt. Ltd.,Mumbai,Tamil Nadu,India,Ceramics,SME,15-10-2024,Active
CUST0111,Evergreen Foods & Beverages Pvt. Ltd.,Evergreen Foods & Beverages Pvt. Ltd.,Surat,West Bengal,India,Food Processing,Distributor,06-07-2023,Active
CUST0112,NorthStar Foods & Beverages Pvt. Ltd.,NorthStar Foods & Beverages Pvt. Ltd.,Faridabad,Uttar Pradesh,India,Paper,Corporate,25-10-2025,Active
CUST0113,Pioneer Foods & Beverages Pvt. Ltd.,Pioneer Foods & Beverages Pvt. Ltd.,Bengaluru,Delhi,India,Water Treatment,Corporate,20-11-2025,Active
CUST0114,Summit Foods & Beverages Pvt. Ltd.,Summit Foods & Beverages Pvt. Ltd.,Noida,West Bengal,India,Manufacturing,Distributor,27-03-2026,Active
CUST0115,Trinity Foods & Beverages Pvt. Ltd.,Trinity Foods & Beverages Pvt. Ltd.,Kolkata,Karnataka,India,Chemical,Distributor,10-03-2025,Active
CUST0116,Orbit Foods & Beverages Pvt. Ltd.,Orbit Foods & Beverages Pvt. Ltd.,Vadodara,Karnataka,India,Textile,SME,07-11-2024,Active
CUST0117,Crystal Foods & Beverages Pvt. Ltd.,Crystal Foods & Beverages Pvt. Ltd.,Delhi,Punjab,India,Mining,Enterprise,29-01-2023,Active
CUST0118,Eastern Foods & Beverages Pvt. Ltd.,Eastern Foods & Beverages Pvt. Ltd.,Noida,Maharashtra,India,Paper,Distributor,20-12-2024,Active
CUST0119,Western Foods & Beverages Pvt. Ltd.,Western Foods & Beverages Pvt. Ltd.,Hyderabad,West Bengal,India,Water Treatment,Distributor,27-08-2025,Active
CUST0120,National Foods & Beverages Pvt. Ltd.,National Foods & Beverages Pvt. Ltd.,Delhi,Punjab,India,Chemical,Corporate,26-03-2024,Active
CUST0121,Universal Foods & Beverages Pvt. Ltd.,Universal Foods & Beverages Pvt. Ltd.,Bengaluru,Uttar Pradesh,India,Mining,Corporate,24-07-2023,Active
CUST0122,Dynamic Foods & Beverages Pvt. Ltd.,Dynamic Foods & Beverages Pvt. Ltd.,Chennai,Rajasthan,India,Dairy,Distributor,19-05-2023,Active
CUST0123,Precision Foods & Beverages Pvt. Ltd.,Precision Foods & Beverages Pvt. Ltd.,Faridabad,West Bengal,India,Textile,Enterprise,07-07-2025,Active
CUST0124,Sterling Foods & Beverages Pvt. Ltd.,Sterling Foods & Beverages Pvt. Ltd.,Ahmedabad,Telangana,India,Textile,Corporate,11-01-2026,Active
CUST0125,Royal Foods & Beverages Pvt. Ltd.,Royal Foods & Beverages Pvt. Ltd.,Chennai,Delhi,India,Food Processing,Distributor,23-02-2026,Active
CUST0126,Global Foods & Beverages Pvt. Ltd.,Global Foods & Beverages Pvt. Ltd.,Gurugram,Haryana,India,Textile,SME,20-09-2023,Active
CUST0127,GreenField Foods & Beverages Pvt. Ltd.,GreenField Foods & Beverages Pvt. Ltd.,Pune,West Bengal,India,Pharmaceutical,SME,02-10-2023,Active
CUST0128,Modern Foods & Beverages Pvt. Ltd.,Modern Foods & Beverages Pvt. Ltd.,Mumbai,Uttar Pradesh,India,Water Treatment,SME,23-08-2025,Active
CUST0129,Frontier Foods & Beverages Pvt. Ltd.,Frontier Foods & Beverages Pvt. Ltd.,Delhi,Gujarat,India,Ceramics,Corporate,17-09-2025,Active
CUST0130,Shakti Foods & Beverages Pvt. Ltd.,Shakti Foods & Beverages Pvt. Ltd.,Noida,Tamil Nadu,India,Water Treatment,Distributor,13-09-2023,Active
CUST0131,Sapphire Foods & Beverages Pvt. Ltd.,Sapphire Foods & Beverages Pvt. Ltd.,Delhi,Maharashtra,India,Paper,Distributor,05-03-2026,Active
CUST0132,Golden Foods & Beverages Pvt. Ltd.,Golden Foods & Beverages Pvt. Ltd.,Surat,Maharashtra,India,Food Processing,SME,14-03-2024,Active
CUST0133,Advanced Foods & Beverages Pvt. Ltd.,Advanced Foods & Beverages Pvt. Ltd.,Ahmedabad,Punjab,India,Manufacturing,Corporate,16-12-2026,Active
CUST0134,Integral Foods & Beverages Pvt. Ltd.,Integral Foods & Beverages Pvt. Ltd.,Ludhiana,West Bengal,India,Water Treatment,Distributor,15-10-2024,Active
CUST0135,Progressive Foods & Beverages Pvt. Ltd.,Progressive Foods & Beverages Pvt. Ltd.,Faridabad,Uttar Pradesh,India,Dairy,Enterprise,13-06-2025,Active
CUST0136,Horizon Foods & Beverages Pvt. Ltd.,Horizon Foods & Beverages Pvt. Ltd.,Pune,Karnataka,India,Food Processing,Corporate,06-03-2024,Active
CUST0137,Techno Foods & Beverages Pvt. Ltd.,Techno Foods & Beverages Pvt. Ltd.,Vadodara,Tamil Nadu,India,Mining,Distributor,10-08-2023,Active
CUST0138,Omkar Foods & Beverages Pvt. Ltd.,Omkar Foods & Beverages Pvt. Ltd.,Jaipur,Haryana,India,Manufacturing,Distributor,02-09-2024,Active
CUST0139,Arvind Foods & Beverages Pvt. Ltd.,Arvind Foods & Beverages Pvt. Ltd.,Gurugram,Telangana,India,Textile,Corporate,13-11-2024,Active
CUST0140,Shree Foods & Beverages Pvt. Ltd.,Shree Foods & Beverages Pvt. Ltd.,Surat,Maharashtra,India,Dairy,SME,05-04-2023,Active
CUST0141,Vardhman Foods & Beverages Pvt. Ltd.,Vardhman Foods & Beverages Pvt. Ltd.,Ahmedabad,West Bengal,India,Manufacturing,Corporate,08-02-2024,Active
CUST0142,Suncore Foods & Beverages Pvt. Ltd.,Suncore Foods & Beverages Pvt. Ltd.,Jaipur,Rajasthan,India,Dairy,Corporate,07-09-2025,Active
CUST0143,Innova Foods & Beverages Pvt. Ltd.,Innova Foods & Beverages Pvt. Ltd.,Jaipur,Uttar Pradesh,India,Ceramics,Corporate,06-10-2024,Active
CUST0144,Elite Foods & Beverages Pvt. Ltd.,Elite Foods & Beverages Pvt. Ltd.,Chennai,Karnataka,India,Chemical,Enterprise,24-08-2023,Active
CUST0145,Crown Foods & Beverages Pvt. Ltd.,Crown Foods & Beverages Pvt. Ltd.,Kolkata,Delhi,India,Ceramics,Enterprise,03-03-2025,Active
CUST0146,Galaxy Foods & Beverages Pvt. Ltd.,Galaxy Foods & Beverages Pvt. Ltd.,Ludhiana,West Bengal,India,Paper,Corporate,25-03-2026,Active
CUST0147,Matrix Foods & Beverages Pvt. Ltd.,Matrix Foods & Beverages Pvt. Ltd.,Bengaluru,Rajasthan,India,Textile,SME,25-10-2026,Active
CUST0148,Zenith Foods & Beverages Pvt. Ltd.,Zenith Foods & Beverages Pvt. Ltd.,Vadodara,Karnataka,India,Pharmaceutical,Distributor,07-03-2025,Active
CUST0149,Prism Foods & Beverages Pvt. Ltd.,Prism Foods & Beverages Pvt. Ltd.,Chennai,Tamil Nadu,India,Water Treatment,SME,26-05-2026,Active
CUST0150,Continental Foods & Beverages Pvt. Ltd.,Continental Foods & Beverages Pvt. Ltd.,Kolkata,Punjab,India,Pharmaceutical,SME,20-02-2024,Active
CUST0151,Apex Chemical Industries Pvt. Ltd.,Apex Chemical Industries Pvt. Ltd.,Ludhiana,Delhi,India,Manufacturing,Enterprise,15-06-2024,Active
CUST0152,Vertex Chemical Industries Pvt. Ltd.,Vertex Chemical Industries Pvt. Ltd.,Mumbai,Tamil Nadu,India,Dairy,SME,15-01-2023,Active
CUST0153,Prime Chemical Industries Pvt. Ltd.,Prime Chemical Industries Pvt. Ltd.,Surat,Karnataka,India,Paper,Corporate,04-03-2025,Active
CUST0154,Metro Chemical Industries Pvt. Ltd.,Metro Chemical Industries Pvt. Ltd.,Jaipur,Delhi,India,Mining,Corporate,17-03-2024,Active
CUST0155,Nova Chemical Industries Pvt. Ltd.,Nova Chemical Industries Pvt. Ltd.,Vadodara,Karnataka,India,Pharmaceutical,SME,06-04-2024,Active
CUST0156,BlueStar Chemical Industries Pvt. Ltd.,BlueStar Chemical Industries Pvt. Ltd.,Hyderabad,West Bengal,India,Mining,Distributor,31-08-2025,Active
CUST0157,Sunrise Chemical Industries Pvt. Ltd.,Sunrise Chemical Industries Pvt. Ltd.,Noida,Maharashtra,India,Manufacturing,SME,23-06-2023,Active
CUST0158,Evergreen Chemical Industries Pvt. Ltd.,Evergreen Chemical Industries Pvt. Ltd.,Surat,Haryana,India,Chemical,Corporate,23-12-2023,Active
CUST0159,NorthStar Chemical Industries Pvt. Ltd.,NorthStar Chemical Industries Pvt. Ltd.,Mumbai,Punjab,India,Ceramics,SME,02-12-2025,Active
CUST0160,Pioneer Chemical Industries Pvt. Ltd.,Pioneer Chemical Industries Pvt. Ltd.,Hyderabad,Maharashtra,India,Dairy,Corporate,03-10-2026,Active
CUST0161,Summit Chemical Industries Pvt. Ltd.,Summit Chemical Industries Pvt. Ltd.,Kolkata,Karnataka,India,Paper,Enterprise,13-04-2024,Active
CUST0162,Trinity Chemical Industries Pvt. Ltd.,Trinity Chemical Industries Pvt. Ltd.,Hyderabad,West Bengal,India,Chemical,SME,16-06-2025,Active
CUST0163,Orbit Chemical Industries Pvt. Ltd.,Orbit Chemical Industries Pvt. Ltd.,Delhi,Gujarat,India,Pharmaceutical,SME,25-11-2026,Active
CUST0164,Crystal Chemical Industries Pvt. Ltd.,Crystal Chemical Industries Pvt. Ltd.,Hyderabad,West Bengal,India,Mining,SME,12-12-2023,Active
CUST0165,Eastern Chemical Industries Pvt. Ltd.,Eastern Chemical Industries Pvt. Ltd.,Bengaluru,Delhi,India,Textile,SME,26-07-2023,Active
CUST0166,Western Chemical Industries Pvt. Ltd.,Western Chemical Industries Pvt. Ltd.,Hyderabad,Rajasthan,India,Chemical,Enterprise,09-03-2025,Active
CUST0167,National Chemical Industries Pvt. Ltd.,National Chemical Industries Pvt. Ltd.,Chennai,Delhi,India,Water Treatment,Distributor,28-03-2024,Active
CUST0168,Universal Chemical Industries Pvt. Ltd.,Universal Chemical Industries Pvt. Ltd.,Bengaluru,Telangana,India,Ceramics,Corporate,03-11-2024,Active
CUST0169,Dynamic Chemical Industries Pvt. Ltd.,Dynamic Chemical Industries Pvt. Ltd.,Vadodara,Tamil Nadu,India,Chemical,Distributor,08-11-2026,Active
CUST0170,Precision Chemical Industries Pvt. Ltd.,Precision Chemical Industries Pvt. Ltd.,Mumbai,Gujarat,India,Textile,Enterprise,24-10-2023,Active
CUST0171,Sterling Chemical Industries Pvt. Ltd.,Sterling Chemical Industries Pvt. Ltd.,Pune,West Bengal,India,Water Treatment,SME,16-07-2025,Active
CUST0172,Royal Chemical Industries Pvt. Ltd.,Royal Chemical Industries Pvt. Ltd.,Delhi,Gujarat,India,Textile,SME,27-06-2025,Active
CUST0173,Global Chemical Industries Pvt. Ltd.,Global Chemical Industries Pvt. Ltd.,Ahmedabad,West Bengal,India,Manufacturing,Enterprise,15-08-2026,Active
CUST0174,GreenField Chemical Industries Pvt. Ltd.,GreenField Chemical Industries Pvt. Ltd.,Noida,Uttar Pradesh,India,Dairy,Enterprise,19-12-2026,Active
CUST0175,Modern Chemical Industries Pvt. Ltd.,Modern Chemical Industries Pvt. Ltd.,Faridabad,Maharashtra,India,Ceramics,Corporate,22-09-2023,Active
CUST0176,Frontier Chemical Industries Pvt. Ltd.,Frontier Chemical Industries Pvt. Ltd.,Pune,Karnataka,India,Pharmaceutical,SME,17-02-2025,Active
CUST0177,Shakti Chemical Industries Pvt. Ltd.,Shakti Chemical Industries Pvt. Ltd.,Faridabad,Tamil Nadu,India,Mining,Enterprise,12-03-2024,Active
CUST0178,Sapphire Chemical Industries Pvt. Ltd.,Sapphire Chemical Industries Pvt. Ltd.,Bengaluru,Tamil Nadu,India,Ceramics,SME,17-11-2026,Active
CUST0179,Golden Chemical Industries Pvt. Ltd.,Golden Chemical Industries Pvt. Ltd.,Hyderabad,Uttar Pradesh,India,Mining,Distributor,10-08-2023,Active
CUST0180,Advanced Chemical Industries Pvt. Ltd.,Advanced Chemical Industries Pvt. Ltd.,Jaipur,Rajasthan,India,Water Treatment,Enterprise,13-05-2023,Active
CUST0181,Integral Chemical Industries Pvt. Ltd.,Integral Chemical Industries Pvt. Ltd.,Chennai,West Bengal,India,Ceramics,Enterprise,20-05-2026,Active
CUST0182,Progressive Chemical Industries Pvt. Ltd.,Progressive Chemical Industries Pvt. Ltd.,Mumbai,Punjab,India,Paper,Distributor,23-11-2023,Active
CUST0183,Horizon Chemical Industries Pvt. Ltd.,Horizon Chemical Industries Pvt. Ltd.,Pune,Haryana,India,Dairy,SME,19-06-2023,Active
CUST0184,Techno Chemical Industries Pvt. Ltd.,Techno Chemical Industries Pvt. Ltd.,Pune,Uttar Pradesh,India,Textile,Enterprise,17-11-2024,Active
CUST0185,Omkar Chemical Industries Pvt. Ltd.,Omkar Chemical Industries Pvt. Ltd.,Delhi,Punjab,India,Chemical,SME,02-02-2023,Active
CUST0186,Arvind Chemical Industries Pvt. Ltd.,Arvind Chemical Industries Pvt. Ltd.,Delhi,Tamil Nadu,India,Pharmaceutical,Distributor,05-05-2024,Active
CUST0187,Shree Chemical Industries Pvt. Ltd.,Shree Chemical Industries Pvt. Ltd.,Jaipur,Maharashtra,India,Chemical,Corporate,22-08-2024,Active
CUST0188,Vardhman Chemical Industries Pvt. Ltd.,Vardhman Chemical Industries Pvt. Ltd.,Kolkata,Delhi,India,Pharmaceutical,Corporate,18-07-2026,Active
CUST0189,Suncore Chemical Industries Pvt. Ltd.,Suncore Chemical Industries Pvt. Ltd.,Jaipur,Rajasthan,India,Textile,Corporate,12-12-2025,Active
CUST0190,Innova Chemical Industries Pvt. Ltd.,Innova Chemical Industries Pvt. Ltd.,Chennai,Tamil Nadu,India,Chemical,Enterprise,09-07-2024,Active
CUST0191,Elite Chemical Industries Pvt. Ltd.,Elite Chemical Industries Pvt. Ltd.,Gurugram,Tamil Nadu,India,Food Processing,Distributor,08-01-2023,Active
CUST0192,Crown Chemical Industries Pvt. Ltd.,Crown Chemical Industries Pvt. Ltd.,Kolkata,Delhi,India,Food Processing,SME,16-10-2026,Active
CUST0193,Galaxy Chemical Industries Pvt. Ltd.,Galaxy Chemical Industries Pvt. Ltd.,Jaipur,Punjab,India,Chemical,Enterprise,16-02-2023,Active
CUST0194,Matrix Chemical Industries Pvt. Ltd.,Matrix Chemical Industries Pvt. Ltd.,Kolkata,Telangana,India,Chemical,Corporate,09-04-2023,Active
CUST0195,Zenith Chemical Industries Pvt. Ltd.,Zenith Chemical Industries Pvt. Ltd.,Pune,Uttar Pradesh,India,Dairy,Enterprise,27-07-2026,Active
CUST0196,Prism Chemical Industries Pvt. Ltd.,Prism Chemical Industries Pvt. Ltd.,Delhi,Tamil Nadu,India,Pharmaceutical,SME,26-12-2025,Active
CUST0197,Continental Chemical Industries Pvt. Ltd.,Continental Chemical Industries Pvt. Ltd.,Kolkata,Rajasthan,India,Pharmaceutical,SME,20-06-2024,Active
CUST0198,Apex Paper Industries Pvt. Ltd.,Apex Paper Industries Pvt. Ltd.,Gurugram,Delhi,India,Pharmaceutical,SME,17-11-2025,Active
CUST0199,Vertex Paper Industries Pvt. Ltd.,Vertex Paper Industries Pvt. Ltd.,Ludhiana,Telangana,India,Pharmaceutical,Distributor,07-03-2023,Active
CUST0200,Prime Paper Industries Pvt. Ltd.,Prime Paper Industries Pvt. Ltd.,Gurugram,Rajasthan,India,Chemical,SME,14-02-2024,Active
CUST0201,Metro Paper Industries Pvt. Ltd.,Metro Paper Industries Pvt. Ltd.,Delhi,Haryana,India,Water Treatment,Enterprise,29-12-2026,Active
CUST0202,Nova Paper Industries Pvt. Ltd.,Nova Paper Industries Pvt. Ltd.,Kolkata,Punjab,India,Ceramics,Corporate,13-04-2024,Active
CUST0203,BlueStar Paper Industries Pvt. Ltd.,BlueStar Paper Industries Pvt. Ltd.,Bengaluru,Haryana,India,Ceramics,SME,30-12-2024,Active
CUST0204,Sunrise Paper Industries Pvt. Ltd.,Sunrise Paper Industries Pvt. Ltd.,Hyderabad,Telangana,India,Manufacturing,Distributor,25-09-2024,Active
CUST0205,Evergreen Paper Industries Pvt. Ltd.,Evergreen Paper Industries Pvt. Ltd.,Vadodara,Gujarat,India,Paper,SME,27-09-2026,Active
CUST0206,NorthStar Paper Industries Pvt. Ltd.,NorthStar Paper Industries Pvt. Ltd.,Kolkata,Karnataka,India,Textile,Distributor,12-09-2023,Active
CUST0207,Pioneer Paper Industries Pvt. Ltd.,Pioneer Paper Industries Pvt. Ltd.,Ahmedabad,Tamil Nadu,India,Manufacturing,Enterprise,13-02-2024,Active
CUST0208,Summit Paper Industries Pvt. Ltd.,Summit Paper Industries Pvt. Ltd.,Mumbai,Gujarat,India,Water Treatment,SME,27-01-2023,Active
CUST0209,Trinity Paper Industries Pvt. Ltd.,Trinity Paper Industries Pvt. Ltd.,Ahmedabad,Punjab,India,Textile,Distributor,17-11-2026,Active
CUST0210,Orbit Paper Industries Pvt. Ltd.,Orbit Paper Industries Pvt. Ltd.,Hyderabad,Karnataka,India,Ceramics,Corporate,09-03-2024,Active
CUST0211,Crystal Paper Industries Pvt. Ltd.,Crystal Paper Industries Pvt. Ltd.,Noida,Uttar Pradesh,India,Dairy,Corporate,17-09-2026,Active
CUST0212,Eastern Paper Industries Pvt. Ltd.,Eastern Paper Industries Pvt. Ltd.,Bengaluru,West Bengal,India,Paper,Distributor,24-01-2026,Active
CUST0213,Western Paper Industries Pvt. Ltd.,Western Paper Industries Pvt. Ltd.,Surat,Delhi,India,Food Processing,Corporate,01-09-2024,Active
CUST0214,National Paper Industries Pvt. Ltd.,National Paper Industries Pvt. Ltd.,Bengaluru,Uttar Pradesh,India,Mining,Enterprise,16-06-2026,Active
CUST0215,Universal Paper Industries Pvt. Ltd.,Universal Paper Industries Pvt. Ltd.,Vadodara,Punjab,India,Food Processing,Distributor,06-02-2023,Active
CUST0216,Dynamic Paper Industries Pvt. Ltd.,Dynamic Paper Industries Pvt. Ltd.,Hyderabad,Rajasthan,India,Pharmaceutical,Corporate,04-05-2023,Active
CUST0217,Precision Paper Industries Pvt. Ltd.,Precision Paper Industries Pvt. Ltd.,Gurugram,Tamil Nadu,India,Manufacturing,Enterprise,21-04-2026,Active
CUST0218,Sterling Paper Industries Pvt. Ltd.,Sterling Paper Industries Pvt. Ltd.,Bengaluru,Punjab,India,Manufacturing,Distributor,25-09-2024,Active
CUST0219,Royal Paper Industries Pvt. Ltd.,Royal Paper Industries Pvt. Ltd.,Chennai,Telangana,India,Chemical,Enterprise,08-04-2025,Active
CUST0220,Global Paper Industries Pvt. Ltd.,Global Paper Industries Pvt. Ltd.,Noida,Tamil Nadu,India,Ceramics,SME,29-04-2023,Active
CUST0221,GreenField Paper Industries Pvt. Ltd.,GreenField Paper Industries Pvt. Ltd.,Surat,Tamil Nadu,India,Chemical,SME,22-11-2026,Active
CUST0222,Modern Paper Industries Pvt. Ltd.,Modern Paper Industries Pvt. Ltd.,Vadodara,Tamil Nadu,India,Water Treatment,Corporate,13-07-2023,Active
CUST0223,Frontier Paper Industries Pvt. Ltd.,Frontier Paper Industries Pvt. Ltd.,Jaipur,Rajasthan,India,Ceramics,Enterprise,12-01-2025,Active
CUST0224,Shakti Paper Industries Pvt. Ltd.,Shakti Paper Industries Pvt. Ltd.,Faridabad,Punjab,India,Ceramics,SME,03-04-2024,Active
CUST0225,Sapphire Paper Industries Pvt. Ltd.,Sapphire Paper Industries Pvt. Ltd.,Noida,Tamil Nadu,India,Dairy,Enterprise,31-01-2025,Active
CUST0226,Golden Paper Industries Pvt. Ltd.,Golden Paper Industries Pvt. Ltd.,Mumbai,Punjab,India,Dairy,Distributor,03-11-2026,Active
CUST0227,Advanced Paper Industries Pvt. Ltd.,Advanced Paper Industries Pvt. Ltd.,Noida,Telangana,India,Manufacturing,Enterprise,30-12-2024,Active
CUST0228,Integral Paper Industries Pvt. Ltd.,Integral Paper Industries Pvt. Ltd.,Ludhiana,West Bengal,India,Mining,Corporate,22-05-2025,Active
CUST0229,Progressive Paper Industries Pvt. Ltd.,Progressive Paper Industries Pvt. Ltd.,Noida,Karnataka,India,Textile,Enterprise,05-08-2023,Active
CUST0230,Horizon Paper Industries Pvt. Ltd.,Horizon Paper Industries Pvt. Ltd.,Bengaluru,Haryana,India,Chemical,SME,13-05-2026,Active
CUST0231,Techno Paper Industries Pvt. Ltd.,Techno Paper Industries Pvt. Ltd.,Bengaluru,Delhi,India,Food Processing,Corporate,22-11-2025,Active
CUST0232,Omkar Paper Industries Pvt. Ltd.,Omkar Paper Industries Pvt. Ltd.,Gurugram,Uttar Pradesh,India,Textile,SME,30-12-2025,Active
CUST0233,Arvind Paper Industries Pvt. Ltd.,Arvind Paper Industries Pvt. Ltd.,Pune,Tamil Nadu,India,Mining,Enterprise,10-01-2023,Active
CUST0234,Shree Paper Industries Pvt. Ltd.,Shree Paper Industries Pvt. Ltd.,Bengaluru,Telangana,India,Chemical,Distributor,31-08-2023,Active
CUST0235,Vardhman Paper Industries Pvt. Ltd.,Vardhman Paper Industries Pvt. Ltd.,Ahmedabad,Telangana,India,Water Treatment,Corporate,23-09-2023,Active
CUST0236,Suncore Paper Industries Pvt. Ltd.,Suncore Paper Industries Pvt. Ltd.,Delhi,Uttar Pradesh,India,Ceramics,Enterprise,14-12-2025,Active
CUST0237,Innova Paper Industries Pvt. Ltd.,Innova Paper Industries Pvt. Ltd.,Bengaluru,West Bengal,India,Manufacturing,SME,23-09-2024,Active
CUST0238,Elite Paper Industries Pvt. Ltd.,Elite Paper Industries Pvt. Ltd.,Delhi,Uttar Pradesh,India,Chemical,Corporate,15-07-2025,Active
CUST0239,Crown Paper Industries Pvt. Ltd.,Crown Paper Industries Pvt. Ltd.,Ahmedabad,Uttar Pradesh,India,Pharmaceutical,Corporate,22-05-2026,Active
CUST0240,Galaxy Paper Industries Pvt. Ltd.,Galaxy Paper Industries Pvt. Ltd.,Noida,Karnataka,India,Textile,Distributor,27-08-2025,Active
CUST0241,Matrix Paper Industries Pvt. Ltd.,Matrix Paper Industries Pvt. Ltd.,Noida,Maharashtra,India,Pharmaceutical,Corporate,25-02-2024,Active
CUST0242,Zenith Paper Industries Pvt. Ltd.,Zenith Paper Industries Pvt. Ltd.,Jaipur,Delhi,India,Manufacturing,Distributor,01-01-2024,Active
CUST0243,Prism Paper Industries Pvt. Ltd.,Prism Paper Industries Pvt. Ltd.,Ahmedabad,West Bengal,India,Pharmaceutical,SME,07-11-2024,Active
CUST0244,Continental Paper Industries Pvt. Ltd.,Continental Paper Industries Pvt. Ltd.,Hyderabad,Punjab,India,Pharmaceutical,Corporate,03-05-2024,Active
CUST0245,Apex Packaging Solutions Pvt. Ltd.,Apex Packaging Solutions Pvt. Ltd.,Gurugram,Tamil Nadu,India,Paper,SME,22-01-2026,Active
CUST0246,Vertex Packaging Solutions Pvt. Ltd.,Vertex Packaging Solutions Pvt. Ltd.,Gurugram,Uttar Pradesh,India,Food Processing,Distributor,25-09-2026,Active
CUST0247,Prime Packaging Solutions Pvt. Ltd.,Prime Packaging Solutions Pvt. Ltd.,Kolkata,Uttar Pradesh,India,Mining,Corporate,05-01-2026,Active
CUST0248,Metro Packaging Solutions Pvt. Ltd.,Metro Packaging Solutions Pvt. Ltd.,Pune,Haryana,India,Mining,Distributor,28-02-2024,Active
CUST0249,Nova Packaging Solutions Pvt. Ltd.,Nova Packaging Solutions Pvt. Ltd.,Jaipur,Delhi,India,Paper,Enterprise,23-06-2023,Active
CUST0250,BlueStar Packaging Solutions Pvt. Ltd.,BlueStar Packaging Solutions Pvt. Ltd.,Hyderabad,Delhi,India,Chemical,Distributor,15-09-2026,Active
CUST0251,Sunrise Packaging Solutions Pvt. Ltd.,Sunrise Packaging Solutions Pvt. Ltd.,Vadodara,Delhi,India,Dairy,Distributor,16-06-2023,Active
CUST0252,Evergreen Packaging Solutions Pvt. Ltd.,Evergreen Packaging Solutions Pvt. Ltd.,Faridabad,Karnataka,India,Chemical,Enterprise,07-11-2026,Active
CUST0253,NorthStar Packaging Solutions Pvt. Ltd.,NorthStar Packaging Solutions Pvt. Ltd.,Bengaluru,Haryana,India,Mining,Corporate,05-02-2024,Active
CUST0254,Pioneer Packaging Solutions Pvt. Ltd.,Pioneer Packaging Solutions Pvt. Ltd.,Hyderabad,Rajasthan,India,Water Treatment,Corporate,14-02-2025,Active
CUST0255,Summit Packaging Solutions Pvt. Ltd.,Summit Packaging Solutions Pvt. Ltd.,Noida,Rajasthan,India,Textile,Enterprise,28-01-2024,Active
CUST0256,Trinity Packaging Solutions Pvt. Ltd.,Trinity Packaging Solutions Pvt. Ltd.,Pune,Maharashtra,India,Mining,SME,24-12-2026,Active
CUST0257,Orbit Packaging Solutions Pvt. Ltd.,Orbit Packaging Solutions Pvt. Ltd.,Bengaluru,West Bengal,India,Ceramics,Distributor,13-05-2026,Active
CUST0258,Crystal Packaging Solutions Pvt. Ltd.,Crystal Packaging Solutions Pvt. Ltd.,Bengaluru,Tamil Nadu,India,Pharmaceutical,Enterprise,02-11-2026,Active
CUST0259,Eastern Packaging Solutions Pvt. Ltd.,Eastern Packaging Solutions Pvt. Ltd.,Pune,Tamil Nadu,India,Chemical,SME,12-07-2026,Active
CUST0260,Western Packaging Solutions Pvt. Ltd.,Western Packaging Solutions Pvt. Ltd.,Ahmedabad,West Bengal,India,Manufacturing,Enterprise,25-11-2024,Active
CUST0261,National Packaging Solutions Pvt. Ltd.,National Packaging Solutions Pvt. Ltd.,Surat,Delhi,India,Ceramics,SME,06-06-2024,Active
CUST0262,Universal Packaging Solutions Pvt. Ltd.,Universal Packaging Solutions Pvt. Ltd.,Ludhiana,Telangana,India,Paper,SME,08-10-2023,Active
CUST0263,Dynamic Packaging Solutions Pvt. Ltd.,Dynamic Packaging Solutions Pvt. Ltd.,Vadodara,Uttar Pradesh,India,Manufacturing,Enterprise,10-04-2024,Active
CUST0264,Precision Packaging Solutions Pvt. Ltd.,Precision Packaging Solutions Pvt. Ltd.,Hyderabad,Karnataka,India,Manufacturing,SME,11-09-2026,Active
CUST0265,Sterling Packaging Solutions Pvt. Ltd.,Sterling Packaging Solutions Pvt. Ltd.,Bengaluru,Maharashtra,India,Food Processing,Enterprise,30-08-2026,Active
CUST0266,Royal Packaging Solutions Pvt. Ltd.,Royal Packaging Solutions Pvt. Ltd.,Pune,Karnataka,India,Dairy,SME,24-05-2025,Active
CUST0267,Global Packaging Solutions Pvt. Ltd.,Global Packaging Solutions Pvt. Ltd.,Bengaluru,Uttar Pradesh,India,Food Processing,Corporate,16-08-2023,Active
CUST0268,GreenField Packaging Solutions Pvt. Ltd.,GreenField Packaging Solutions Pvt. Ltd.,Jaipur,Telangana,India,Ceramics,Distributor,23-04-2025,Active
CUST0269,Modern Packaging Solutions Pvt. Ltd.,Modern Packaging Solutions Pvt. Ltd.,Faridabad,Gujarat,India,Pharmaceutical,Distributor,27-10-2024,Active
CUST0270,Frontier Packaging Solutions Pvt. Ltd.,Frontier Packaging Solutions Pvt. Ltd.,Jaipur,Maharashtra,India,Paper,SME,28-02-2025,Active
CUST0271,Shakti Packaging Solutions Pvt. Ltd.,Shakti Packaging Solutions Pvt. Ltd.,Faridabad,Punjab,India,Food Processing,Distributor,01-11-2025,Active
CUST0272,Sapphire Packaging Solutions Pvt. Ltd.,Sapphire Packaging Solutions Pvt. Ltd.,Bengaluru,Haryana,India,Mining,SME,12-10-2023,Active
CUST0273,Golden Packaging Solutions Pvt. Ltd.,Golden Packaging Solutions Pvt. Ltd.,Vadodara,Karnataka,India,Manufacturing,SME,29-04-2026,Active
CUST0274,Advanced Packaging Solutions Pvt. Ltd.,Advanced Packaging Solutions Pvt. Ltd.,Mumbai,Uttar Pradesh,India,Textile,Distributor,19-09-2024,Active
CUST0275,Integral Packaging Solutions Pvt. Ltd.,Integral Packaging Solutions Pvt. Ltd.,Bengaluru,Tamil Nadu,India,Mining,SME,23-01-2025,Active
CUST0276,Progressive Packaging Solutions Pvt. Ltd.,Progressive Packaging Solutions Pvt. Ltd.,Mumbai,Gujarat,India,Water Treatment,Distributor,19-03-2026,Active
CUST0277,Horizon Packaging Solutions Pvt. Ltd.,Horizon Packaging Solutions Pvt. Ltd.,Noida,Tamil Nadu,India,Pharmaceutical,SME,25-04-2026,Active
CUST0278,Techno Packaging Solutions Pvt. Ltd.,Techno Packaging Solutions Pvt. Ltd.,Ludhiana,West Bengal,India,Water Treatment,Enterprise,09-12-2026,Active
CUST0279,Omkar Packaging Solutions Pvt. Ltd.,Omkar Packaging Solutions Pvt. Ltd.,Hyderabad,Punjab,India,Dairy,Distributor,11-12-2025,Active
CUST0280,Arvind Packaging Solutions Pvt. Ltd.,Arvind Packaging Solutions Pvt. Ltd.,Delhi,Gujarat,India,Chemical,SME,04-03-2026,Active
CUST0281,Shree Packaging Solutions Pvt. Ltd.,Shree Packaging Solutions Pvt. Ltd.,Hyderabad,Rajasthan,India,Pharmaceutical,Corporate,22-02-2025,Active
CUST0282,Vardhman Packaging Solutions Pvt. Ltd.,Vardhman Packaging Solutions Pvt. Ltd.,Kolkata,Tamil Nadu,India,Manufacturing,SME,21-12-2024,Active
CUST0283,Suncore Packaging Solutions Pvt. Ltd.,Suncore Packaging Solutions Pvt. Ltd.,Mumbai,Delhi,India,Chemical,SME,22-07-2026,Active
CUST0284,Innova Packaging Solutions Pvt. Ltd.,Innova Packaging Solutions Pvt. Ltd.,Gurugram,Karnataka,India,Paper,Distributor,30-11-2023,Active
CUST0285,Elite Packaging Solutions Pvt. Ltd.,Elite Packaging Solutions Pvt. Ltd.,Jaipur,Karnataka,India,Chemical,SME,27-07-2025,Active
CUST0286,Crown Packaging Solutions Pvt. Ltd.,Crown Packaging Solutions Pvt. Ltd.,Delhi,Haryana,India,Chemical,Corporate,18-10-2026,Active
CUST0287,Galaxy Packaging Solutions Pvt. Ltd.,Galaxy Packaging Solutions Pvt. Ltd.,Delhi,Haryana,India,Ceramics,Corporate,17-02-2024,Active
CUST0288,Matrix Packaging Solutions Pvt. Ltd.,Matrix Packaging Solutions Pvt. Ltd.,Faridabad,Delhi,India,Textile,Distributor,11-01-2023,Active
CUST0289,Zenith Packaging Solutions Pvt. Ltd.,Zenith Packaging Solutions Pvt. Ltd.,Mumbai,Haryana,India,Dairy,Corporate,14-09-2026,Active
CUST0290,Prism Packaging Solutions Pvt. Ltd.,Prism Packaging Solutions Pvt. Ltd.,Ahmedabad,Karnataka,India,Food Processing,Enterprise,29-07-2026,Active
CUST0291,Continental Packaging Solutions Pvt. Ltd.,Continental Packaging Solutions Pvt. Ltd.,Pune,West Bengal,India,Dairy,SME,17-05-2023,Active
CUST0292,Apex Pharma Solutions Pvt. Ltd.,Apex Pharma Solutions Pvt. Ltd.,Chennai,Rajasthan,India,Chemical,SME,05-06-2023,Active
CUST0293,Vertex Pharma Solutions Pvt. Ltd.,Vertex Pharma Solutions Pvt. Ltd.,Gurugram,Punjab,India,Dairy,Distributor,13-08-2024,Active
CUST0294,Prime Pharma Solutions Pvt. Ltd.,Prime Pharma Solutions Pvt. Ltd.,Ahmedabad,Delhi,India,Dairy,Corporate,04-10-2025,Active
CUST0295,Metro Pharma Solutions Pvt. Ltd.,Metro Pharma Solutions Pvt. Ltd.,Kolkata,Telangana,India,Food Processing,Distributor,08-05-2026,Active
CUST0296,Nova Pharma Solutions Pvt. Ltd.,Nova Pharma Solutions Pvt. Ltd.,Hyderabad,Karnataka,India,Mining,Corporate,15-03-2026,Active
CUST0297,BlueStar Pharma Solutions Pvt. Ltd.,BlueStar Pharma Solutions Pvt. Ltd.,Bengaluru,Uttar Pradesh,India,Food Processing,Distributor,17-12-2023,Active
CUST0298,Sunrise Pharma Solutions Pvt. Ltd.,Sunrise Pharma Solutions Pvt. Ltd.,Ahmedabad,Telangana,India,Paper,Distributor,13-04-2024,Active
CUST0299,Evergreen Pharma Solutions Pvt. Ltd.,Evergreen Pharma Solutions Pvt. Ltd.,Jaipur,West Bengal,India,Textile,Corporate,26-04-2025,Active
CUST0300,NorthStar Pharma Solutions Pvt. Ltd.,NorthStar Pharma Solutions Pvt. Ltd.,Ludhiana,Maharashtra,India,Pharmaceutical,Enterprise,06-07-2025,Active
CUST0301,Pioneer Pharma Solutions Pvt. Ltd.,Pioneer Pharma Solutions Pvt. Ltd.,Hyderabad,Delhi,India,Paper,Distributor,19-06-2025,Active
CUST0302,Summit Pharma Solutions Pvt. Ltd.,Summit Pharma Solutions Pvt. Ltd.,Jaipur,Telangana,India,Paper,Enterprise,15-12-2025,Active
CUST0303,Trinity Pharma Solutions Pvt. Ltd.,Trinity Pharma Solutions Pvt. Ltd.,Chennai,Maharashtra,India,Manufacturing,Distributor,21-04-2026,Active
CUST0304,Orbit Pharma Solutions Pvt. Ltd.,Orbit Pharma Solutions Pvt. Ltd.,Faridabad,Punjab,India,Water Treatment,Corporate,17-04-2024,Active
CUST0305,Crystal Pharma Solutions Pvt. Ltd.,Crystal Pharma Solutions Pvt. Ltd.,Noida,Rajasthan,India,Water Treatment,Distributor,13-11-2026,Active
CUST0306,Eastern Pharma Solutions Pvt. Ltd.,Eastern Pharma Solutions Pvt. Ltd.,Bengaluru,Uttar Pradesh,India,Mining,Distributor,03-05-2026,Active
CUST0307,Western Pharma Solutions Pvt. Ltd.,Western Pharma Solutions Pvt. Ltd.,Mumbai,Haryana,India,Dairy,Distributor,19-02-2026,Active
CUST0308,National Pharma Solutions Pvt. Ltd.,National Pharma Solutions Pvt. Ltd.,Mumbai,Gujarat,India,Manufacturing,Enterprise,29-09-2025,Active
CUST0309,Universal Pharma Solutions Pvt. Ltd.,Universal Pharma Solutions Pvt. Ltd.,Surat,West Bengal,India,Water Treatment,Distributor,31-12-2023,Active
CUST0310,Dynamic Pharma Solutions Pvt. Ltd.,Dynamic Pharma Solutions Pvt. Ltd.,Hyderabad,Maharashtra,India,Ceramics,Enterprise,31-03-2023,Active
CUST0311,Precision Pharma Solutions Pvt. Ltd.,Precision Pharma Solutions Pvt. Ltd.,Delhi,Punjab,India,Textile,Enterprise,25-09-2024,Active
CUST0312,Sterling Pharma Solutions Pvt. Ltd.,Sterling Pharma Solutions Pvt. Ltd.,Pune,West Bengal,India,Food Processing,SME,30-08-2023,Active
CUST0313,Royal Pharma Solutions Pvt. Ltd.,Royal Pharma Solutions Pvt. Ltd.,Pune,West Bengal,India,Ceramics,Enterprise,01-06-2025,Active
CUST0314,Global Pharma Solutions Pvt. Ltd.,Global Pharma Solutions Pvt. Ltd.,Mumbai,Delhi,India,Water Treatment,Corporate,09-05-2024,Active
CUST0315,GreenField Pharma Solutions Pvt. Ltd.,GreenField Pharma Solutions Pvt. Ltd.,Delhi,Maharashtra,India,Manufacturing,Enterprise,07-01-2025,Active
CUST0316,Modern Pharma Solutions Pvt. Ltd.,Modern Pharma Solutions Pvt. Ltd.,Ludhiana,Tamil Nadu,India,Textile,Enterprise,12-12-2025,Active
CUST0317,Frontier Pharma Solutions Pvt. Ltd.,Frontier Pharma Solutions Pvt. Ltd.,Faridabad,Uttar Pradesh,India,Textile,Distributor,25-09-2024,Active
CUST0318,Shakti Pharma Solutions Pvt. Ltd.,Shakti Pharma Solutions Pvt. Ltd.,Delhi,West Bengal,India,Ceramics,Corporate,25-09-2023,Active
CUST0319,Sapphire Pharma Solutions Pvt. Ltd.,Sapphire Pharma Solutions Pvt. Ltd.,Hyderabad,Uttar Pradesh,India,Food Processing,SME,10-12-2023,Active
CUST0320,Golden Pharma Solutions Pvt. Ltd.,Golden Pharma Solutions Pvt. Ltd.,Jaipur,Punjab,India,Pharmaceutical,Distributor,04-03-2026,Active
CUST0321,Advanced Pharma Solutions Pvt. Ltd.,Advanced Pharma Solutions Pvt. Ltd.,Noida,Uttar Pradesh,India,Ceramics,Distributor,07-09-2025,Active
CUST0322,Integral Pharma Solutions Pvt. Ltd.,Integral Pharma Solutions Pvt. Ltd.,Gurugram,Tamil Nadu,India,Water Treatment,Distributor,01-06-2026,Active
CUST0323,Progressive Pharma Solutions Pvt. Ltd.,Progressive Pharma Solutions Pvt. Ltd.,Vadodara,Tamil Nadu,India,Pharmaceutical,Enterprise,30-01-2026,Active
CUST0324,Horizon Pharma Solutions Pvt. Ltd.,Horizon Pharma Solutions Pvt. Ltd.,Ludhiana,Uttar Pradesh,India,Paper,SME,03-11-2024,Active
CUST0325,Techno Pharma Solutions Pvt. Ltd.,Techno Pharma Solutions Pvt. Ltd.,Mumbai,Tamil Nadu,India,Ceramics,Corporate,04-11-2026,Active
CUST0326,Omkar Pharma Solutions Pvt. Ltd.,Omkar Pharma Solutions Pvt. Ltd.,Delhi,Gujarat,India,Food Processing,Enterprise,15-12-2024,Active
CUST0327,Arvind Pharma Solutions Pvt. Ltd.,Arvind Pharma Solutions Pvt. Ltd.,Kolkata,Punjab,India,Ceramics,SME,23-10-2023,Active
CUST0328,Shree Pharma Solutions Pvt. Ltd.,Shree Pharma Solutions Pvt. Ltd.,Ludhiana,Gujarat,India,Paper,Distributor,18-03-2025,Active
CUST0329,Vardhman Pharma Solutions Pvt. Ltd.,Vardhman Pharma Solutions Pvt. Ltd.,Jaipur,West Bengal,India,Water Treatment,Corporate,24-01-2026,Active
CUST0330,Suncore Pharma Solutions Pvt. Ltd.,Suncore Pharma Solutions Pvt. Ltd.,Ahmedabad,West Bengal,India,Ceramics,Distributor,16-04-2023,Active
CUST0331,Innova Pharma Solutions Pvt. Ltd.,Innova Pharma Solutions Pvt. Ltd.,Bengaluru,West Bengal,India,Pharmaceutical,Corporate,16-09-2023,Active
CUST0332,Elite Pharma Solutions Pvt. Ltd.,Elite Pharma Solutions Pvt. Ltd.,Hyderabad,Maharashtra,India,Manufacturing,Enterprise,21-02-2023,Active
CUST0333,Crown Pharma Solutions Pvt. Ltd.,Crown Pharma Solutions Pvt. Ltd.,Pune,Maharashtra,India,Paper,SME,22-05-2025,Active
CUST0334,Galaxy Pharma Solutions Pvt. Ltd.,Galaxy Pharma Solutions Pvt. Ltd.,Chennai,Tamil Nadu,India,Mining,SME,05-01-2025,Active
CUST0335,Matrix Pharma Solutions Pvt. Ltd.,Matrix Pharma Solutions Pvt. Ltd.,Jaipur,Gujarat,India,Chemical,SME,04-09-2026,Active
CUST0336,Zenith Pharma Solutions Pvt. Ltd.,Zenith Pharma Solutions Pvt. Ltd.,Pune,Karnataka,India,Ceramics,SME,23-10-2026,Active
CUST0337,Prism Pharma Solutions Pvt. Ltd.,Prism Pharma Solutions Pvt. Ltd.,Noida,Delhi,India,Dairy,Distributor,18-07-2025,Active
CUST0338,Continental Pharma Solutions Pvt. Ltd.,Continental Pharma Solutions Pvt. Ltd.,Gurugram,Haryana,India,Ceramics,SME,27-06-2025,Active
CUST0339,Apex Renewable Energy Solutions Pvt. Ltd.,Apex Renewable Energy Solutions Pvt. Ltd.,Gurugram,Uttar Pradesh,India,Paper,Distributor,28-04-2025,Active
CUST0340,Vertex Renewable Energy Solutions Pvt. Ltd.,Vertex Renewable Energy Solutions Pvt. Ltd.,Chennai,Haryana,India,Manufacturing,Corporate,03-02-2025,Active
CUST0341,Prime Renewable Energy Solutions Pvt. Ltd.,Prime Renewable Energy Solutions Pvt. Ltd.,Mumbai,Tamil Nadu,India,Manufacturing,Corporate,22-11-2025,Active
CUST0342,Metro Renewable Energy Solutions Pvt. Ltd.,Metro Renewable Energy Solutions Pvt. Ltd.,Delhi,Delhi,India,Textile,Enterprise,03-11-2026,Active
CUST0343,Nova Renewable Energy Solutions Pvt. Ltd.,Nova Renewable Energy Solutions Pvt. Ltd.,Ahmedabad,Telangana,India,Water Treatment,SME,05-09-2023,Active
CUST0344,BlueStar Renewable Energy Solutions Pvt. Ltd.,BlueStar Renewable Energy Solutions Pvt. Ltd.,Ahmedabad,Tamil Nadu,India,Paper,Distributor,17-08-2024,Active
CUST0345,Sunrise Renewable Energy Solutions Pvt. Ltd.,Sunrise Renewable Energy Solutions Pvt. Ltd.,Faridabad,Maharashtra,India,Chemical,Enterprise,12-10-2024,Active
CUST0346,Evergreen Renewable Energy Solutions Pvt. Ltd.,Evergreen Renewable Energy Solutions Pvt. Ltd.,Ludhiana,Maharashtra,India,Paper,Corporate,27-12-2026,Active
CUST0347,NorthStar Renewable Energy Solutions Pvt. Ltd.,NorthStar Renewable Energy Solutions Pvt. Ltd.,Noida,Tamil Nadu,India,Paper,Corporate,22-09-2026,Active
CUST0348,Pioneer Renewable Energy Solutions Pvt. Ltd.,Pioneer Renewable Energy Solutions Pvt. Ltd.,Gurugram,Maharashtra,India,Ceramics,Distributor,12-05-2023,Active
CUST0349,Summit Renewable Energy Solutions Pvt. Ltd.,Summit Renewable Energy Solutions Pvt. Ltd.,Pune,Maharashtra,India,Food Processing,Distributor,20-11-2025,Active
CUST0350,Trinity Renewable Energy Solutions Pvt. Ltd.,Trinity Renewable Energy Solutions Pvt. Ltd.,Bengaluru,Rajasthan,India,Dairy,Corporate,15-03-2023,Active
CUST0351,Orbit Renewable Energy Solutions Pvt. Ltd.,Orbit Renewable Energy Solutions Pvt. Ltd.,Faridabad,Delhi,India,Food Processing,SME,30-01-2025,Active
CUST0352,Crystal Renewable Energy Solutions Pvt. Ltd.,Crystal Renewable Energy Solutions Pvt. Ltd.,Ludhiana,Haryana,India,Food Processing,SME,03-09-2023,Active
CUST0353,Eastern Renewable Energy Solutions Pvt. Ltd.,Eastern Renewable Energy Solutions Pvt. Ltd.,Hyderabad,Uttar Pradesh,India,Paper,Enterprise,08-07-2023,Active
CUST0354,Western Renewable Energy Solutions Pvt. Ltd.,Western Renewable Energy Solutions Pvt. Ltd.,Pune,Tamil Nadu,India,Pharmaceutical,Enterprise,12-01-2023,Active
CUST0355,National Renewable Energy Solutions Pvt. Ltd.,National Renewable Energy Solutions Pvt. Ltd.,Delhi,Karnataka,India,Water Treatment,Enterprise,26-11-2024,Active
CUST0356,Universal Renewable Energy Solutions Pvt. Ltd.,Universal Renewable Energy Solutions Pvt. Ltd.,Chennai,Uttar Pradesh,India,Chemical,Corporate,19-09-2025,Active
CUST0357,Dynamic Renewable Energy Solutions Pvt. Ltd.,Dynamic Renewable Energy Solutions Pvt. Ltd.,Noida,Maharashtra,India,Water Treatment,Corporate,29-11-2025,Active
CUST0358,Precision Renewable Energy Solutions Pvt. Ltd.,Precision Renewable Energy Solutions Pvt. Ltd.,Delhi,Delhi,India,Chemical,Distributor,06-09-2026,Active
CUST0359,Sterling Renewable Energy Solutions Pvt. Ltd.,Sterling Renewable Energy Solutions Pvt. Ltd.,Surat,Punjab,India,Pharmaceutical,Enterprise,26-01-2025,Active
CUST0360,Royal Renewable Energy Solutions Pvt. Ltd.,Royal Renewable Energy Solutions Pvt. Ltd.,Pune,Haryana,India,Food Processing,Distributor,11-12-2023,Active
CUST0361,Global Renewable Energy Solutions Pvt. Ltd.,Global Renewable Energy Solutions Pvt. Ltd.,Vadodara,Gujarat,India,Manufacturing,Distributor,23-07-2023,Active
CUST0362,GreenField Renewable Energy Solutions Pvt. Ltd.,GreenField Renewable Energy Solutions Pvt. Ltd.,Chennai,West Bengal,India,Chemical,Distributor,19-05-2026,Active
CUST0363,Modern Renewable Energy Solutions Pvt. Ltd.,Modern Renewable Energy Solutions Pvt. Ltd.,Vadodara,Uttar Pradesh,India,Textile,Distributor,22-02-2026,Active
CUST0364,Frontier Renewable Energy Solutions Pvt. Ltd.,Frontier Renewable Energy Solutions Pvt. Ltd.,Delhi,Karnataka,India,Manufacturing,Enterprise,19-11-2025,Active
CUST0365,Shakti Renewable Energy Solutions Pvt. Ltd.,Shakti Renewable Energy Solutions Pvt. Ltd.,Hyderabad,Gujarat,India,Water Treatment,Enterprise,14-12-2024,Active
CUST0366,Sapphire Renewable Energy Solutions Pvt. Ltd.,Sapphire Renewable Energy Solutions Pvt. Ltd.,Pune,Delhi,India,Paper,Enterprise,30-11-2025,Active
CUST0367,Golden Renewable Energy Solutions Pvt. Ltd.,Golden Renewable Energy Solutions Pvt. Ltd.,Delhi,Telangana,India,Dairy,Corporate,08-09-2026,Active
CUST0368,Advanced Renewable Energy Solutions Pvt. Ltd.,Advanced Renewable Energy Solutions Pvt. Ltd.,Pune,Gujarat,India,Dairy,Enterprise,01-11-2023,Active
CUST0369,Integral Renewable Energy Solutions Pvt. Ltd.,Integral Renewable Energy Solutions Pvt. Ltd.,Jaipur,West Bengal,India,Ceramics,Corporate,03-12-2025,Active
CUST0370,Progressive Renewable Energy Solutions Pvt. Ltd.,Progressive Renewable Energy Solutions Pvt. Ltd.,Faridabad,Punjab,India,Ceramics,Corporate,14-12-2025,Active
CUST0371,Horizon Renewable Energy Solutions Pvt. Ltd.,Horizon Renewable Energy Solutions Pvt. Ltd.,Noida,Tamil Nadu,India,Water Treatment,Enterprise,08-04-2026,Active
CUST0372,Techno Renewable Energy Solutions Pvt. Ltd.,Techno Renewable Energy Solutions Pvt. Ltd.,Pune,Tamil Nadu,India,Manufacturing,Corporate,16-07-2025,Active
CUST0373,Omkar Renewable Energy Solutions Pvt. Ltd.,Omkar Renewable Energy Solutions Pvt. Ltd.,Kolkata,Telangana,India,Food Processing,Corporate,07-03-2026,Active
CUST0374,Arvind Renewable Energy Solutions Pvt. Ltd.,Arvind Renewable Energy Solutions Pvt. Ltd.,Bengaluru,Uttar Pradesh,India,Textile,Enterprise,16-02-2025,Active
CUST0375,Shree Renewable Energy Solutions Pvt. Ltd.,Shree Renewable Energy Solutions Pvt. Ltd.,Surat,Delhi,India,Pharmaceutical,Corporate,02-04-2024,Active
CUST0376,Vardhman Renewable Energy Solutions Pvt. Ltd.,Vardhman Renewable Energy Solutions Pvt. Ltd.,Hyderabad,West Bengal,India,Textile,Corporate,05-11-2026,Active
CUST0377,Suncore Renewable Energy Solutions Pvt. Ltd.,Suncore Renewable Energy Solutions Pvt. Ltd.,Delhi,Telangana,India,Paper,Distributor,07-05-2023,Active
CUST0378,Innova Renewable Energy Solutions Pvt. Ltd.,Innova Renewable Energy Solutions Pvt. Ltd.,Jaipur,Haryana,India,Water Treatment,SME,21-03-2025,Active
CUST0379,Elite Renewable Energy Solutions Pvt. Ltd.,Elite Renewable Energy Solutions Pvt. Ltd.,Bengaluru,Delhi,India,Pharmaceutical,Enterprise,13-12-2025,Active
CUST0380,Crown Renewable Energy Solutions Pvt. Ltd.,Crown Renewable Energy Solutions Pvt. Ltd.,Faridabad,Karnataka,India,Dairy,Enterprise,06-07-2023,Active
CUST0381,Galaxy Renewable Energy Solutions Pvt. Ltd.,Galaxy Renewable Energy Solutions Pvt. Ltd.,Kolkata,Haryana,India,Water Treatment,Distributor,15-09-2023,Active
CUST0382,Matrix Renewable Energy Solutions Pvt. Ltd.,Matrix Renewable Energy Solutions Pvt. Ltd.,Noida,Telangana,India,Chemical,Corporate,18-10-2026,Active
CUST0383,Zenith Renewable Energy Solutions Pvt. Ltd.,Zenith Renewable Energy Solutions Pvt. Ltd.,Surat,Telangana,India,Water Treatment,SME,11-06-2024,Active
CUST0384,Prism Renewable Energy Solutions Pvt. Ltd.,Prism Renewable Energy Solutions Pvt. Ltd.,Jaipur,Delhi,India,Chemical,Enterprise,14-06-2025,Active
CUST0385,Continental Renewable Energy Solutions Pvt. Ltd.,Continental Renewable Energy Solutions Pvt. Ltd.,Faridabad,Gujarat,India,Pharmaceutical,SME,24-07-2023,Active
CUST0386,Apex Auto Components Pvt. Ltd.,Apex Auto Components Pvt. Ltd.,Noida,Punjab,India,Paper,SME,10-08-2025,Active
CUST0387,Vertex Auto Components Pvt. Ltd.,Vertex Auto Components Pvt. Ltd.,Pune,Uttar Pradesh,India,Pharmaceutical,SME,08-01-2023,Active
CUST0388,Prime Auto Components Pvt. Ltd.,Prime Auto Components Pvt. Ltd.,Chennai,Maharashtra,India,Food Processing,SME,21-05-2026,Active
CUST0389,Metro Auto Components Pvt. Ltd.,Metro Auto Components Pvt. Ltd.,Hyderabad,Tamil Nadu,India,Chemical,SME,11-09-2024,Active
CUST0390,Nova Auto Components Pvt. Ltd.,Nova Auto Components Pvt. Ltd.,Ahmedabad,Uttar Pradesh,India,Food Processing,SME,31-01-2024,Active
CUST0391,BlueStar Auto Components Pvt. Ltd.,BlueStar Auto Components Pvt. Ltd.,Ludhiana,Tamil Nadu,India,Mining,Corporate,06-07-2026,Active
CUST0392,Sunrise Auto Components Pvt. Ltd.,Sunrise Auto Components Pvt. Ltd.,Kolkata,Gujarat,India,Pharmaceutical,Enterprise,29-06-2023,Active
CUST0393,Evergreen Auto Components Pvt. Ltd.,Evergreen Auto Components Pvt. Ltd.,Faridabad,Maharashtra,India,Textile,Distributor,29-11-2024,Active
CUST0394,NorthStar Auto Components Pvt. Ltd.,NorthStar Auto Components Pvt. Ltd.,Kolkata,Punjab,India,Dairy,Corporate,17-02-2023,Active
CUST0395,Pioneer Auto Components Pvt. Ltd.,Pioneer Auto Components Pvt. Ltd.,Bengaluru,Karnataka,India,Ceramics,SME,06-03-2025,Active
CUST0396,Summit Auto Components Pvt. Ltd.,Summit Auto Components Pvt. Ltd.,Vadodara,Maharashtra,India,Pharmaceutical,Distributor,20-05-2023,Active
CUST0397,Trinity Auto Components Pvt. Ltd.,Trinity Auto Components Pvt. Ltd.,Jaipur,Tamil Nadu,India,Dairy,Enterprise,21-11-2025,Active
CUST0398,Orbit Auto Components Pvt. Ltd.,Orbit Auto Components Pvt. Ltd.,Jaipur,West Bengal,India,Ceramics,Distributor,22-09-2024,Active
CUST0399,Crystal Auto Components Pvt. Ltd.,Crystal Auto Components Pvt. Ltd.,Faridabad,Punjab,India,Water Treatment,Distributor,15-11-2026,Active
CUST0400,Eastern Auto Components Pvt. Ltd.,Eastern Auto Components Pvt. Ltd.,Mumbai,Delhi,India,Dairy,SME,05-04-2024,Active
CUST0401,Western Auto Components Pvt. Ltd.,Western Auto Components Pvt. Ltd.,Vadodara,Uttar Pradesh,India,Manufacturing,Corporate,18-01-2023,Active
CUST0402,National Auto Components Pvt. Ltd.,National Auto Components Pvt. Ltd.,Delhi,Karnataka,India,Textile,SME,23-01-2025,Active
CUST0403,Universal Auto Components Pvt. Ltd.,Universal Auto Components Pvt. Ltd.,Pune,Delhi,India,Ceramics,SME,14-12-2025,Active
CUST0404,Dynamic Auto Components Pvt. Ltd.,Dynamic Auto Components Pvt. Ltd.,Faridabad,Delhi,India,Pharmaceutical,Corporate,07-03-2025,Active
CUST0405,Precision Auto Components Pvt. Ltd.,Precision Auto Components Pvt. Ltd.,Vadodara,West Bengal,India,Pharmaceutical,Distributor,25-07-2024,Active
CUST0406,Sterling Auto Components Pvt. Ltd.,Sterling Auto Components Pvt. Ltd.,Faridabad,Haryana,India,Textile,SME,06-03-2023,Active
CUST0407,Royal Auto Components Pvt. Ltd.,Royal Auto Components Pvt. Ltd.,Surat,Tamil Nadu,India,Textile,Distributor,27-09-2025,Active
CUST0408,Global Auto Components Pvt. Ltd.,Global Auto Components Pvt. Ltd.,Vadodara,Uttar Pradesh,India,Mining,Enterprise,10-02-2026,Active
CUST0409,GreenField Auto Components Pvt. Ltd.,GreenField Auto Components Pvt. Ltd.,Kolkata,Delhi,India,Water Treatment,Corporate,05-03-2023,Active
CUST0410,Modern Auto Components Pvt. Ltd.,Modern Auto Components Pvt. Ltd.,Ahmedabad,Karnataka,India,Mining,SME,30-08-2025,Active
CUST0411,Frontier Auto Components Pvt. Ltd.,Frontier Auto Components Pvt. Ltd.,Pune,West Bengal,India,Ceramics,Corporate,05-02-2023,Active
CUST0412,Shakti Auto Components Pvt. Ltd.,Shakti Auto Components Pvt. Ltd.,Chennai,Rajasthan,India,Chemical,Corporate,19-07-2023,Active
CUST0413,Sapphire Auto Components Pvt. Ltd.,Sapphire Auto Components Pvt. Ltd.,Ludhiana,Maharashtra,India,Pharmaceutical,Enterprise,29-06-2025,Active
CUST0414,Golden Auto Components Pvt. Ltd.,Golden Auto Components Pvt. Ltd.,Ahmedabad,Delhi,India,Textile,Enterprise,21-09-2025,Active
CUST0415,Advanced Auto Components Pvt. Ltd.,Advanced Auto Components Pvt. Ltd.,Noida,Gujarat,India,Food Processing,SME,15-06-2026,Active
CUST0416,Integral Auto Components Pvt. Ltd.,Integral Auto Components Pvt. Ltd.,Jaipur,Telangana,India,Water Treatment,SME,26-12-2023,Active
CUST0417,Progressive Auto Components Pvt. Ltd.,Progressive Auto Components Pvt. Ltd.,Ludhiana,Delhi,India,Mining,Corporate,24-10-2024,Active
CUST0418,Horizon Auto Components Pvt. Ltd.,Horizon Auto Components Pvt. Ltd.,Noida,Uttar Pradesh,India,Manufacturing,Distributor,02-06-2026,Active
CUST0419,Techno Auto Components Pvt. Ltd.,Techno Auto Components Pvt. Ltd.,Ludhiana,Tamil Nadu,India,Manufacturing,Enterprise,26-03-2026,Active
CUST0420,Omkar Auto Components Pvt. Ltd.,Omkar Auto Components Pvt. Ltd.,Mumbai,Delhi,India,Ceramics,Corporate,22-01-2023,Active
CUST0421,Arvind Auto Components Pvt. Ltd.,Arvind Auto Components Pvt. Ltd.,Bengaluru,Rajasthan,India,Chemical,SME,27-02-2024,Active
CUST0422,Shree Auto Components Pvt. Ltd.,Shree Auto Components Pvt. Ltd.,Surat,West Bengal,India,Pharmaceutical,Enterprise,21-08-2026,Active
CUST0423,Vardhman Auto Components Pvt. Ltd.,Vardhman Auto Components Pvt. Ltd.,Chennai,Punjab,India,Dairy,Enterprise,08-01-2023,Active
CUST0424,Suncore Auto Components Pvt. Ltd.,Suncore Auto Components Pvt. Ltd.,Pune,Rajasthan,India,Textile,Corporate,17-08-2023,Active
CUST0425,Innova Auto Components Pvt. Ltd.,Innova Auto Components Pvt. Ltd.,Pune,Karnataka,India,Textile,Distributor,12-04-2026,Active
CUST0426,Elite Auto Components Pvt. Ltd.,Elite Auto Components Pvt. Ltd.,Ahmedabad,Maharashtra,India,Food Processing,Corporate,02-12-2026,Active
CUST0427,Crown Auto Components Pvt. Ltd.,Crown Auto Components Pvt. Ltd.,Surat,Maharashtra,India,Pharmaceutical,SME,08-11-2026,Active
CUST0428,Galaxy Auto Components Pvt. Ltd.,Galaxy Auto Components Pvt. Ltd.,Vadodara,Delhi,India,Dairy,Corporate,25-02-2024,Active
CUST0429,Matrix Auto Components Pvt. Ltd.,Matrix Auto Components Pvt. Ltd.,Jaipur,Karnataka,India,Manufacturing,SME,24-12-2023,Active
CUST0430,Zenith Auto Components Pvt. Ltd.,Zenith Auto Components Pvt. Ltd.,Jaipur,Uttar Pradesh,India,Ceramics,SME,04-09-2025,Active
CUST0431,Prism Auto Components Pvt. Ltd.,Prism Auto Components Pvt. Ltd.,Ludhiana,West Bengal,India,Food Processing,SME,15-11-2026,Active
CUST0432,Continental Auto Components Pvt. Ltd.,Continental Auto Components Pvt. Ltd.,Jaipur,Haryana,India,Paper,Corporate,25-06-2023,Active
CUST0433,Apex Dairy Products Pvt. Ltd.,Apex Dairy Products Pvt. Ltd.,Noida,Rajasthan,India,Dairy,Enterprise,21-05-2026,Active
CUST0434,Vertex Dairy Products Pvt. Ltd.,Vertex Dairy Products Pvt. Ltd.,Ludhiana,West Bengal,India,Manufacturing,Enterprise,12-04-2026,Active
CUST0435,Prime Dairy Products Pvt. Ltd.,Prime Dairy Products Pvt. Ltd.,Pune,West Bengal,India,Food Processing,Corporate,14-10-2024,Active
CUST0436,Metro Dairy Products Pvt. Ltd.,Metro Dairy Products Pvt. Ltd.,Delhi,Tamil Nadu,India,Dairy,Distributor,28-10-2024,Active
CUST0437,Nova Dairy Products Pvt. Ltd.,Nova Dairy Products Pvt. Ltd.,Surat,Delhi,India,Water Treatment,Corporate,16-06-2023,Active
CUST0438,BlueStar Dairy Products Pvt. Ltd.,BlueStar Dairy Products Pvt. Ltd.,Chennai,Tamil Nadu,India,Dairy,SME,15-10-2025,Active
CUST0439,Sunrise Dairy Products Pvt. Ltd.,Sunrise Dairy Products Pvt. Ltd.,Surat,Gujarat,India,Manufacturing,Distributor,27-02-2025,Active
CUST0440,Evergreen Dairy Products Pvt. Ltd.,Evergreen Dairy Products Pvt. Ltd.,Ahmedabad,Tamil Nadu,India,Manufacturing,Corporate,12-03-2025,Active
CUST0441,NorthStar Dairy Products Pvt. Ltd.,NorthStar Dairy Products Pvt. Ltd.,Hyderabad,Delhi,India,Manufacturing,Enterprise,06-05-2023,Active
CUST0442,Pioneer Dairy Products Pvt. Ltd.,Pioneer Dairy Products Pvt. Ltd.,Bengaluru,Tamil Nadu,India,Mining,Enterprise,17-10-2024,Active
CUST0443,Summit Dairy Products Pvt. Ltd.,Summit Dairy Products Pvt. Ltd.,Kolkata,Rajasthan,India,Manufacturing,Distributor,03-04-2026,Active
CUST0444,Trinity Dairy Products Pvt. Ltd.,Trinity Dairy Products Pvt. Ltd.,Vadodara,Punjab,India,Mining,Corporate,19-03-2023,Active
CUST0445,Orbit Dairy Products Pvt. Ltd.,Orbit Dairy Products Pvt. Ltd.,Ahmedabad,Gujarat,India,Pharmaceutical,Distributor,24-01-2023,Active
CUST0446,Crystal Dairy Products Pvt. Ltd.,Crystal Dairy Products Pvt. Ltd.,Kolkata,Punjab,India,Manufacturing,Distributor,27-05-2023,Active
CUST0447,Eastern Dairy Products Pvt. Ltd.,Eastern Dairy Products Pvt. Ltd.,Jaipur,Karnataka,India,Mining,Distributor,02-02-2025,Active
CUST0448,Western Dairy Products Pvt. Ltd.,Western Dairy Products Pvt. Ltd.,Bengaluru,Rajasthan,India,Dairy,Enterprise,30-12-2025,Active
CUST0449,National Dairy Products Pvt. Ltd.,National Dairy Products Pvt. Ltd.,Ahmedabad,Gujarat,India,Pharmaceutical,SME,14-01-2025,Active
CUST0450,Universal Dairy Products Pvt. Ltd.,Universal Dairy Products Pvt. Ltd.,Faridabad,Delhi,India,Dairy,SME,13-04-2023,Active
CUST0451,Dynamic Dairy Products Pvt. Ltd.,Dynamic Dairy Products Pvt. Ltd.,Mumbai,Maharashtra,India,Water Treatment,SME,07-01-2023,Active
CUST0452,Precision Dairy Products Pvt. Ltd.,Precision Dairy Products Pvt. Ltd.,Vadodara,Uttar Pradesh,India,Paper,Distributor,17-11-2023,Active
CUST0453,Sterling Dairy Products Pvt. Ltd.,Sterling Dairy Products Pvt. Ltd.,Bengaluru,Gujarat,India,Ceramics,Enterprise,01-11-2024,Active
CUST0454,Royal Dairy Products Pvt. Ltd.,Royal Dairy Products Pvt. Ltd.,Gurugram,Delhi,India,Ceramics,Enterprise,24-08-2024,Active
CUST0455,Global Dairy Products Pvt. Ltd.,Global Dairy Products Pvt. Ltd.,Gurugram,Uttar Pradesh,India,Mining,SME,26-06-2024,Active
CUST0456,GreenField Dairy Products Pvt. Ltd.,GreenField Dairy Products Pvt. Ltd.,Jaipur,Uttar Pradesh,India,Chemical,Distributor,30-01-2026,Active
CUST0457,Modern Dairy Products Pvt. Ltd.,Modern Dairy Products Pvt. Ltd.,Delhi,Rajasthan,India,Textile,SME,03-07-2024,Active
CUST0458,Frontier Dairy Products Pvt. Ltd.,Frontier Dairy Products Pvt. Ltd.,Noida,Haryana,India,Food Processing,Enterprise,14-05-2025,Active
CUST0459,Shakti Dairy Products Pvt. Ltd.,Shakti Dairy Products Pvt. Ltd.,Kolkata,Haryana,India,Manufacturing,Enterprise,04-03-2025,Active
CUST0460,Sapphire Dairy Products Pvt. Ltd.,Sapphire Dairy Products Pvt. Ltd.,Jaipur,Uttar Pradesh,India,Manufacturing,Enterprise,07-01-2024,Active
CUST0461,Golden Dairy Products Pvt. Ltd.,Golden Dairy Products Pvt. Ltd.,Delhi,Punjab,India,Ceramics,SME,29-06-2026,Active
CUST0462,Advanced Dairy Products Pvt. Ltd.,Advanced Dairy Products Pvt. Ltd.,Noida,Uttar Pradesh,India,Pharmaceutical,SME,14-10-2024,Active
CUST0463,Integral Dairy Products Pvt. Ltd.,Integral Dairy Products Pvt. Ltd.,Mumbai,Rajasthan,India,Dairy,SME,29-12-2023,Active
CUST0464,Progressive Dairy Products Pvt. Ltd.,Progressive Dairy Products Pvt. Ltd.,Pune,Delhi,India,Dairy,Corporate,01-03-2025,Active
CUST0465,Horizon Dairy Products Pvt. Ltd.,Horizon Dairy Products Pvt. Ltd.,Vadodara,Tamil Nadu,India,Water Treatment,SME,03-09-2024,Active
CUST0466,Techno Dairy Products Pvt. Ltd.,Techno Dairy Products Pvt. Ltd.,Noida,Gujarat,India,Dairy,Distributor,24-02-2025,Active
CUST0467,Omkar Dairy Products Pvt. Ltd.,Omkar Dairy Products Pvt. Ltd.,Delhi,Karnataka,India,Chemical,Enterprise,12-01-2024,Active
CUST0468,Arvind Dairy Products Pvt. Ltd.,Arvind Dairy Products Pvt. Ltd.,Hyderabad,West Bengal,India,Food Processing,SME,08-10-2024,Active
CUST0469,Shree Dairy Products Pvt. Ltd.,Shree Dairy Products Pvt. Ltd.,Ludhiana,Telangana,India,Water Treatment,Enterprise,19-08-2023,Active
CUST0470,Vardhman Dairy Products Pvt. Ltd.,Vardhman Dairy Products Pvt. Ltd.,Jaipur,Uttar Pradesh,India,Textile,Distributor,05-11-2024,Active
CUST0471,Suncore Dairy Products Pvt. Ltd.,Suncore Dairy Products Pvt. Ltd.,Noida,Gujarat,India,Dairy,Enterprise,06-10-2025,Active
CUST0472,Innova Dairy Products Pvt. Ltd.,Innova Dairy Products Pvt. Ltd.,Mumbai,Haryana,India,Chemical,Enterprise,27-08-2026,Active
CUST0473,Elite Dairy Products Pvt. Ltd.,Elite Dairy Products Pvt. Ltd.,Ludhiana,Maharashtra,India,Paper,SME,08-07-2023,Active
CUST0474,Crown Dairy Products Pvt. Ltd.,Crown Dairy Products Pvt. Ltd.,Bengaluru,West Bengal,India,Mining,Enterprise,23-11-2026,Active
CUST0475,Galaxy Dairy Products Pvt. Ltd.,Galaxy Dairy Products Pvt. Ltd.,Surat,Gujarat,India,Chemical,Distributor,16-10-2026,Active
CUST0476,Matrix Dairy Products Pvt. Ltd.,Matrix Dairy Products Pvt. Ltd.,Vadodara,Punjab,India,Mining,Enterprise,17-05-2023,Active
CUST0477,Zenith Dairy Products Pvt. Ltd.,Zenith Dairy Products Pvt. Ltd.,Jaipur,Karnataka,India,Manufacturing,SME,17-06-2025,Active
CUST0478,Prism Dairy Products Pvt. Ltd.,Prism Dairy Products Pvt. Ltd.,Mumbai,Uttar Pradesh,India,Paper,SME,21-02-2026,Active
CUST0479,Continental Dairy Products Pvt. Ltd.,Continental Dairy Products Pvt. Ltd.,Gurugram,Telangana,India,Pharmaceutical,SME,08-08-2024,Active
CUST0480,Apex Industrial Solutions Pvt. Ltd.,Apex Industrial Solutions Pvt. Ltd.,Jaipur,Punjab,India,Pharmaceutical,SME,20-11-2026,Active
CUST0481,Vertex Industrial Solutions Pvt. Ltd.,Vertex Industrial Solutions Pvt. Ltd.,Mumbai,West Bengal,India,Dairy,Corporate,13-08-2023,Active
CUST0482,Prime Industrial Solutions Pvt. Ltd.,Prime Industrial Solutions Pvt. Ltd.,Jaipur,Maharashtra,India,Pharmaceutical,Distributor,12-05-2026,Active
CUST0483,Metro Industrial Solutions Pvt. Ltd.,Metro Industrial Solutions Pvt. Ltd.,Pune,Delhi,India,Ceramics,Distributor,18-10-2026,Active
CUST0484,Nova Industrial Solutions Pvt. Ltd.,Nova Industrial Solutions Pvt. Ltd.,Ludhiana,Haryana,India,Dairy,SME,28-05-2025,Active
CUST0485,BlueStar Industrial Solutions Pvt. Ltd.,BlueStar Industrial Solutions Pvt. Ltd.,Chennai,Gujarat,India,Ceramics,Distributor,06-09-2026,Active
CUST0486,Sunrise Industrial Solutions Pvt. Ltd.,Sunrise Industrial Solutions Pvt. Ltd.,Faridabad,Delhi,India,Water Treatment,Enterprise,12-03-2024,Active
CUST0487,Evergreen Industrial Solutions Pvt. Ltd.,Evergreen Industrial Solutions Pvt. Ltd.,Delhi,Telangana,India,Dairy,Corporate,28-11-2024,Active
CUST0488,NorthStar Industrial Solutions Pvt. Ltd.,NorthStar Industrial Solutions Pvt. Ltd.,Delhi,Telangana,India,Mining,Distributor,05-08-2023,Active
CUST0489,Pioneer Industrial Solutions Pvt. Ltd.,Pioneer Industrial Solutions Pvt. Ltd.,Hyderabad,West Bengal,India,Paper,SME,20-05-2023,Active
CUST0490,Summit Industrial Solutions Pvt. Ltd.,Summit Industrial Solutions Pvt. Ltd.,Mumbai,Karnataka,India,Textile,Distributor,27-05-2024,Active
CUST0491,Trinity Industrial Solutions Pvt. Ltd.,Trinity Industrial Solutions Pvt. Ltd.,Faridabad,Delhi,India,Textile,Enterprise,11-05-2025,Active
CUST0492,Orbit Industrial Solutions Pvt. Ltd.,Orbit Industrial Solutions Pvt. Ltd.,Gurugram,Karnataka,India,Dairy,Enterprise,10-03-2025,Active
CUST0493,Crystal Industrial Solutions Pvt. Ltd.,Crystal Industrial Solutions Pvt. Ltd.,Ahmedabad,Haryana,India,Chemical,Distributor,07-05-2025,Active
CUST0494,Eastern Industrial Solutions Pvt. Ltd.,Eastern Industrial Solutions Pvt. Ltd.,Chennai,Telangana,India,Food Processing,Corporate,19-06-2025,Active
CUST0495,Western Industrial Solutions Pvt. Ltd.,Western Industrial Solutions Pvt. Ltd.,Delhi,Gujarat,India,Mining,Enterprise,26-12-2023,Active
CUST0496,National Industrial Solutions Pvt. Ltd.,National Industrial Solutions Pvt. Ltd.,Delhi,Uttar Pradesh,India,Pharmaceutical,SME,15-05-2024,Active
CUST0497,Universal Industrial Solutions Pvt. Ltd.,Universal Industrial Solutions Pvt. Ltd.,Vadodara,Delhi,India,Dairy,Enterprise,15-10-2023,Active
CUST0498,Dynamic Industrial Solutions Pvt. Ltd.,Dynamic Industrial Solutions Pvt. Ltd.,Noida,Rajasthan,India,Paper,SME,12-02-2025,Active
CUST0499,Precision Industrial Solutions Pvt. Ltd.,Precision Industrial Solutions Pvt. Ltd.,Faridabad,Haryana,India,Dairy,Enterprise,08-02-2025,Active
CUST0500,Oman Industrial Limited,Oman Industrial Limited Pvt. Ltd.,Surat,Haryana,India,Ceramics,Enterprise,13-12-2026,Active
